Documento,Representacion vectorial,Caracteristicas extraidas,Elemento de comparacion,Similaridad
"Práctica común tiempo campaña     electoral – ser cargo público aspirar – ser candidato prometer ya ejercicio hueso soler incumplir , menos parte medular interminable paquete “ compromiso ” “ oferta ” – notariada , ya ridículo , sangre medio – adquirido proselitismo . suceder aquí , allá acullá .",frecuencia,unigrama,contenido,0.0
"cada cuatro firma haber arribar México relocalización cadena global suministro , conocido nearshoring , pertenecer sector energía , señalar Ricardo Ortega López , director general Oil&amp;Gas Alliance .",frecuencia,unigrama,contenido,0.5674803065350239
"año pasado , mexicano invertir 6 mil 429 millón dólares proyecto largo plazo extranjero . monto – principalmente destinado ampliación operación empresa nacional América Latina , España , Francia , Alemania Estados Unidos – representar caída más 50 ciento tasa anual , revelar dato oficial .",frecuencia,unigrama,contenido,0.0
"haber persona interesado     haber rompimiento Claudia Andrés Manuel . tientar pregunta : ¿ ser calca López Obrador ? concentración Zócalo despejar duda : defender legado . diferencia haber buscarla realidad . día pasado tener Claudia reunión sector negocio , convocado Francisco Cervantes , presidente Consejo Coordinador Empresarial , contestar pregunta plan gobierno particular acerca política materia energía verde . respuesta : ser ambientalista , tanto , partidario energía verde , demérito industria petrolero . día después anunciar Zócalo programa panel solar familia pequeño comercio generar electricidad , traducir ahorro economía . López Obrador llegar Palacio sector privado contra , recuérdese organización empresarial decir ser “ peligro México ” .",frecuencia,unigrama,contenido,0.0
"Washington . negociador Congreso Estados Unidos revelar acuerdo detallado mantener funcionamiento gran parte gobierno 30 septiembre , apresurar evitar fecha límite cierre administración antes viernes .",frecuencia,unigrama,contenido,0.0
"dilema política     monetario Reserva Federal ( FED ) estar dado , general , confrontación condición crecimiento económico empleo frente comportamiento inflación , nivel estar fijado 2 ciento anual .",frecuencia,unigrama,contenido,0.0
"crisis pandémico     global 2020 dejar México interrogante : ¿ haber comportar economía transformación no haber él dar colapso ? acercamiento fin comparativo , sacar tasa promedio crecimiento año cuarto quinto sexenio ir siglo , nuevo base 2018 : 2004-05 , 2.84 ; 2010-11 , 4.21 ; 2016-17 , 1.82 ; 2022-23 , 3.59% ; es , tener buen desempeño actual gobierno .",frecuencia,unigrama,contenido,0.0
"arranque año , subrepresentación vivir mujer mercado laboral mexicano ver rebasado necesidad disponibilidad trabajar más . contrasentido registrado hombre , enero trabajadora buscar laborar más hora , información Instituto Nacional Estadística Geografía ( Inegi ) .",frecuencia,unigrama,contenido,0.0
"último tres año Petróleos Mexicanos ( Pemex ) haber recuperar gran parte venta mercado interno alcanzar nivel previo pandemia . registrar mayor comercialización gasolina , diésel gas licuado petróleo ( LP ) , dato empresa estatal .",frecuencia,unigrama,contenido,0.0
"2024 , México avanzar peldaño convertir noveno mayor productor agroalimento mundo , tiempo subir dos escalón ocupar séptimo posición mayor exportador comida , revelar reporte anual Perspectivas Agroalimentarias 2024 .",frecuencia,unigrama,contenido,0.0
"segundo fin semana largo año , ser 15 18 marzo , dejar derrama económico consumo servicio turístico 48 mil 381 millón pesos , prever Secretaría Turismo ( Sectur ) .",frecuencia,unigrama,contenido,0.03627381250550058
"Organización Países Exportadores Petróleo aliado ( OPEP+ ) anunciar ampliar recorte voluntario producción crudo segundo trimestre año , suponer más apoyo mercado preocupado perspectiva crecimiento económico mundial .",frecuencia,unigrama,contenido,0.0
"Diablos Rojos femenil empatar último serie temporada regular Liga Mexicana Softbol , vencer segundo duelo Sultanes Monterrey 9-5 visita Sultana Norte . escarlata enfrentar Charros Jalisco semifinal comenzar Ciudad México Parque Universitario Beisbol UNAM mañana .",frecuencia,unigrama,contenido,0.0
"Monterrey Pumas jugar partido anestesia , no haber enterar estadio BBVA mil aficionado pagar boleto celebrar grande . primero 45 minuto pasar largo . único momento cambiar noche , mexicano-estadunidense Brandon Vázquez , español Sergio Canales Gerardo Arteaga dar triunfo regiomontano 3-0 cierre fecha 10 Liga Mx .",frecuencia,unigrama,contenido,0.0
"México seguir momento algarabir Copa Oro W deber enfrentar complejidad . Jaqueline Ovalle haber convertir pilar plantel ahora marcar doblete , tricolor femenil asegurar pase semifinal torneo enfrentar Brasil después sortear complicado encuentro vencer 3-2 Paraguay .",frecuencia,unigrama,contenido,0.0
"legado Paola Longoria raquetbol seguir extender él . Abierto Boston , potosina lograr título más largo palmarés superar centena trofeo .",frecuencia,unigrama,contenido,0.0
"Celtics Boston machacar 140-88 Guerreros Golden State tercero victoria más abultado casi 80 año historia NBA . pese ausencia estelar Kristaps Porzingis , equipo trébol afianzar liderato Conferencia Este 11 triunfo consecutivo . escolta Jaylen Brown anotar 25 29 punto frenética primero mitad , local adelantar asombroso marcador 82-38 , mayor diferencia descanso historia franquicia , vez , peor déficit Guerreros . Jayson Tatum contribuir 27 unidad Stephen Curry , símbolo Golden State , quedar sólo cuatro .",frecuencia,unigrama,contenido,0.0
"ser cualidad haber mostrar clavadista mexicano Copa Mundo realizar Montreal , Canadá . rasgo levantar expectativa rumbo participación Juegos Olímpicos jornada delegación tricolor agregar dos medalla más conteo .",frecuencia,unigrama,contenido,0.0
Boston . múltiple análisis avanzado haber deporte estar medir él rival superar : inteligencia artificial ( IA ) .,frecuencia,unigrama,contenido,0.0
"Acapulco , Gro . , Alex Miñaur llegar Acapulco , arrastrar cuatro final perdido manera consecutivo ; peor racha circuito ATP convertir profesional .",frecuencia,unigrama,contenido,0.0
"Haya . , Feyenoord perder oportunidad recortar distancia PSV , líder liga neerlandés , ayer empatar 2-2 , duelo mexicano Santiago Giménez anotar equipo Rotterdam , compatriota Hirving Chucky Lozano cumplir 100 partido conjunto Eindhoven .",frecuencia,unigrama,contenido,0.0
"Madrid . Mallorca , dirigido mexicano Javier Vasco Aguirre , vencer 1-0 Girona ayer jornada 27 Liga España acercar él permanencia semana perfecto lograr pase final Copa Rey .",frecuencia,unigrama,contenido,0.0
"vísperas Día Mujer     horas aprobar Senado Ley Equidad Salarial , Tri femenil estar demostrar participación Copa Oro W medida ser necesario ser apenas principio justicia deber triunfar encima mezquindad Federación Mexicana Futbol ( FMF ) , directivo haber retrasar salida luz noviembre argumento insostenible ... restar paso publicación norma dar , comienzo carrera profesional , soler parejo hombre mujer .",frecuencia,unigrama,contenido,0.0
"México tener dos tres año , más , incursionar éxito industria espacial ser potencia escala planetario , advertir Katya Echazarreta ( Guadalajara,1995 ) , junio 2022 convertir primero mexicana viajar espacio exterior , parte misión Blue Origin NS-21 .",frecuencia,unigrama,contenido,0.02445579940222592
"haber fuego interior     dificultar acabar hacer imposible vida artista haber iluminar antorcha mundo necesitar . ocurrir Thelonious Monk , padre be bop jazzista más original virtuoso historia , ya ser decir . haber ángel , incluir fragilidad propenso grave riesgo . nacido 1917 , poco después padre mudar Manhattan , departamento Thelonious vivir vida adulto . amigo Charlie Parker , traer integrado demonio , diferencia Bird , no tener problema serio adicción ; , literalmente , ser mental . mal diagnosticado siquiatra , ser tratar loco depresivo . familia salvar electrochoqu , no antisicótico dejar inútil último año vida .",frecuencia,unigrama,contenido,0.0
escritora académico Margo Glantz poseer apertura tema lejano apariencia diálogo nuevo generación autora haber desarrollar obra literario apasionado diferente . ser característica actividad creativo personalidad también académico celebrar mediodía domingo homenaje recibir Palacio Bellas Artes .,frecuencia,unigrama,contenido,0.0
"coreógrafa , bailarina maestra Gladiola Orozco , próximo 9 octubre cumplir 90 año , asegurar “ pasión poder lograr vida ” . labor favor danza contemporáneo cultura país haber ser esencial .",frecuencia,unigrama,contenido,0.0
"después 23 año carrera , primero bailarina Compañía Nacional Danza ( CND ) , Blanca Ríos , despedir escenario 10 marzo Palacio Bellas Artes Ballet Esmeralda , inspirado novela señora París , Victor Hugo .",frecuencia,unigrama,contenido,0.0
"Centro Producción Danza Contemporánea ( Ceprodac ) , dirigir Cecilia Lugo , realizar homenaje bailarina , coreógrafa fundadora desaparecido Ballet Teatro Espacio , Gladiola Orozco , 16 marzo sala principal Palacio Bellas Artes .",frecuencia,unigrama,contenido,0.0
"mujer mundo acceder solo 64% protección legal amparar hombre , informar Banco Mundial .",frecuencia,unigrama,contenido,0.0
"acuerdo analista , incremento ser más estimado Indicador Oportuno Consumo Privado .",frecuencia,unigrama,contenido,0.0
"noviembre , combustible no haber gozar estímulo fiscal , diferencia Magna diésel .",frecuencia,unigrama,contenido,0.0
"medida , nación productor pretender elevar precio materia primo .",frecuencia,unigrama,contenido,0.0
"directora general organismo , Ngozi Okonjo-Iweala , destacar reunión tener lugar "" trasfondo internacional marcado mayor incertidumbre tiempo recordar "" .",frecuencia,unigrama,contenido,0.0
contrato colectivo trabajo ser someter votación trabajador .,frecuencia,unigrama,contenido,0.04588314677411235
usuario reportar problema momento querer realizar transferencia .,frecuencia,unigrama,contenido,0.0
reporte Hacienda observar crecimiento 28.6% gasto programable .,frecuencia,unigrama,contenido,0.0
"cuota impuesto IEPS ser 6.08 pesos litro ; diésel , monto mayor semana terminar viernes , 5.79 pesos litro .",frecuencia,unigrama,contenido,0.0
"2024 , analista consultado Banco México ( Banxico ) esperar inflación cerrar año tasa 4.10% , 4.17% previo .",frecuencia,unigrama,contenido,0.0
banco informar usuario sistema presentar falla especificar sólo ser app también   sucursal .,frecuencia,unigrama,contenido,0.0
"primero mes año , remesa llegar México caer 16.8% comparación mes previo .",frecuencia,unigrama,contenido,0.0
"principal casa bolsa México pretender aprovechar tendencia , tiempo atraer pequeño inversionista .",frecuencia,unigrama,contenido,0.0
62% anuncio inversión corresponder industria sector manufacturero .,frecuencia,unigrama,contenido,0.06362847629757777
"caso no llegar acuerdo administración sindicato Monte Piedad semana , trabajador decidir continuar levantar huelga .",frecuencia,unigrama,contenido,0.0
IMCO apuntar país participación mujer economía tener retraso importante respecto promedio OCDE .,frecuencia,unigrama,contenido,0.0
"enero 2021 diciembre pasado , 63.360 persona haber lograr pensionar él gracias reducción semana cotizado .",frecuencia,unigrama,contenido,0.0
"ahora , importante ser gastar invertir grande fortuna heredar país Estados Unidos . cambio generacional riqueza redefinier rumbo negocio .",frecuencia,unigrama,contenido,0.0
"Roberto Lazzeri , Jefe Oficina Secretario Hacienda , señalar llegada empresa tecnología financiero ayuda competencia favor usuario .",frecuencia,unigrama,contenido,0.0
"haber mano obra calificado , costo competitivo infraestructura propiciar nearshoring industria farmacéutico dispositivo médico .",frecuencia,unigrama,contenido,0.0
"subgobernador Jonathan Heath decir ser "" error "" bajar tasa prematuramente haber ganar batalla inflación ; embargo , decir poder haber ajuste .",frecuencia,unigrama,contenido,0.0
"índice precio gasto consumo personal ( PCE ) subir 0.3% mes pasado , informar jueves Oficina Análisis Económico Departamento Comercio .",frecuencia,unigrama,contenido,0.0
"Carlos Marmolejo , director general Sofipo Finsus , decir GameIf buscar educar manera didáctico usuario incentivar ahorro inversión .",frecuencia,unigrama,contenido,0.0
"2024 aprobar techo deuda 1.9 bdp , prever gasto pensión 1500 bdp , 465.000 mdp programa pensión adulto mayor .",frecuencia,unigrama,contenido,0.0
México Evalúa advertir bajo generación recurso público renta petrolero . ingreso total quedar debajo meta 2020 2023 .,frecuencia,unigrama,contenido,0.0
"acuerdo Coneval , último trimestre 2023 , entidad menor porcentaje pobreza laboral ser Baja California Sur , Baja California Jalisco .",frecuencia,unigrama,contenido,0.0
Banco México ( Banxico ) pronosticar PIB México crecer menos esperado 2024 mantener pronóstico 2025 .,frecuencia,unigrama,contenido,0.0
87 Convención Bancaria celebrar Acapulco contar presencia presidente López Obrador tres aspirante presidencia .,frecuencia,unigrama,contenido,0.0
"Producto Interno Bruto aumentar tasa anualizado 3.2% , revisado ligeramente baja ritmo 3.3% .",frecuencia,unigrama,contenido,0.0
disposición aplicar 2 marzo 30 septiembre año ; dinero disponer plaza vacante deber ser devolver ramo Provisiones Salariales Económicas .,frecuencia,unigrama,contenido,0.0
subsecretario Hacienda señalar país no requerir reforma tributario poder solventar desequilibrio fiscal .,frecuencia,unigrama,contenido,0.0
"alianza firma Galileo , Mastercard , , plataforma movilidad ofrecer crédito hasta 15.000 pesos .",frecuencia,unigrama,contenido,0.0
"primero cinco año gobierno , autoridad fiscal haber poner ojo operación internar enviar mercancía extranjero . haber error derivar crédito millonario .",frecuencia,unigrama,contenido,0.0
"guerra arancel acero , Estados Unidos tener perder , declarar Raquel Buenrostro , secretaria Economía .",frecuencia,unigrama,contenido,0.0
titular Economía explicar tema haber diferencia materia energético -electricidad hidrocarburos- México eu quedar resuelto .,frecuencia,unigrama,contenido,0.0
dependencia informar 2.750 sucursal ser construir exclusivamente Secretaría Defensa ( Sedena ) .,frecuencia,unigrama,contenido,0.0
Cetes corto plazo mantener segundo semana consecutivo tasa 11% Cetes dos año bajar nivel más bajo enero .,frecuencia,unigrama,contenido,0.0
"acuerdo Estudio Económico México , recaudación impuesto representar apenas 16.7% producto interno bruto ( PIB ) , mitad promedio país OCDE .",frecuencia,unigrama,contenido,0.0
"banquero haber anunciar retiro Banco Azteca 20 año servicio , ser también juventud clavadista olímpico .",frecuencia,unigrama,contenido,0.0
"primero mes 2024 , venta México extranjero registrar disminución 1.5% tasa anual .",frecuencia,unigrama,contenido,0.0
"no obtener financiamiento manera banca , temporada alto tasa haber repercutir fondeo institución financiero no bancario ( IFNB ) .",frecuencia,unigrama,contenido,0.0
"Secretaría Trabajo Previsión Social ( STPS ) verificar negar derecho libertad asociación negociación colectivo compañía ubicado Uruapan , Michoacán .",frecuencia,unigrama,contenido,0.0
presidente miembro Consejo Administración Banco Azteca presentar renuncia ahora Alejandro Valenzuela ocupar puesto ; banco ser dirigir Francisco Rodríguez .,frecuencia,unigrama,contenido,0.0
banco estar apostar cuenta digital ser límite depósito reto tener adopción masificación .,frecuencia,unigrama,contenido,0.0
"SAT realizar operativo carretera , visita domiciliario estado República empresa sector , entro operativo .",frecuencia,unigrama,contenido,0.0
institución bancario advertir año desaceleración empleo posible recesión economía estadounidense ser causante menor ritmo crecimiento .,frecuencia,unigrama,contenido,0.0
"13ª conferencia ministerial OMC ( MC13 ) , desarrollar jueves Abu Dabi , capital Emiratos Árabes Unidos , ser primero dos año .",frecuencia,unigrama,contenido,0.0
"número persona ser mejor último tres mes año , población ocupado llegar 59.4 millón .",frecuencia,unigrama,contenido,0.0
"compra inversión ser 1.500 millón pesos , quedar 100% mano mexicano , participación 25% Servicio Geológico Mexicano 75% Fideicomiso Fomento Minero .",frecuencia,unigrama,contenido,0.0
"cuota IEPS gasolina Premium Magna ser 5.21 pesos litro , semana 24 febrero 1 marzo .",frecuencia,unigrama,contenido,0.0
"jueza Estados Unidos ordenar empresa israelí dar acceso WhatsApp software , luego haber espiar 1.400 usuario dos semana .",frecuencia,unigrama,contenido,0.0
"acuerdo Comisión Europea , Apple prohíbir desarrollador informar servicio alternativo más barato fuera App Store .",frecuencia,unigrama,contenido,0.0
"Best App , Daily Essentials User’s Choice , ser tres categoría reconocer aplicación música",frecuencia,unigrama,contenido,0.0
"empresa tecnología tener nuevo gerente general país , Pedro Huerta , tener experiencia industria libro , también dispositivo inteligente .",frecuencia,unigrama,contenido,0.0
estudio afirmar ser oportunidad regresar raíz ser empresa “ pequeño ágil ” .,frecuencia,unigrama,contenido,0.0
tecnología Bespoke AI Laundry estar enfocado hacer más eficiente uso detergente agua .,frecuencia,unigrama,contenido,0.0
PlayStation dar conocer juego gratuito llegar PS Plus marzo 2024 . decir ser partir estar disponible .,frecuencia,unigrama,contenido,0.0
"caso no haber notar cambio necesites hacer migración manera manual , explicar hacer él .",frecuencia,unigrama,contenido,0.0
"empresa Cupertino cancelar Proyecto Titán , enfocar desarrollo vehículo eléctrico .",frecuencia,unigrama,contenido,0.0
"Rili.ai ser aplicación permitir usuario tener réplica , ya ser través clon laboral asunto personal .",frecuencia,unigrama,contenido,0.0
compañía asegurar tener capacidad desplegar tecnología generar conexión más rápido recinto concurrido .,frecuencia,unigrama,contenido,0.0
dato 12 millón mexicano ver afectado vulneración portal empleo.gob.mx .,frecuencia,unigrama,contenido,0.0
"lapto ser herramienta uso . embargo , persona tender dejarla conectado tiempo . decir afectar ordenador .",frecuencia,unigrama,contenido,0.0
conocer nuevo estándar ser especialista estar buscar desarrollar impacto mundo tecnología .,frecuencia,unigrama,contenido,0.047836487323493986
tecnológico japonés unir ola despido estar afectar industria videojuego .,frecuencia,unigrama,contenido,0.0
"George Zhao , CEO Honor deviz , explicar importancia México estrategia negocio través Latinoamérica .",frecuencia,unigrama,contenido,0.0
plataforma streaming ahora colocar detrás Netflix preferencia consumo contenido parte mexicano .,frecuencia,unigrama,contenido,0.0
"compañía mostrar   Mobile World Congress aplicativo mejorar foto , lectura mensaje auto descripción imagen base IA .",frecuencia,unigrama,contenido,0.0
"empresa origen chino presentar novedad feria Barcelona , nuevo serie xiaomi 14 , lent Leica .",frecuencia,unigrama,contenido,0.0
"decidir cuenta compartía tus papás amigo , podrás hacer él siguiente paso .",frecuencia,unigrama,contenido,0.0
"gigante tecnológico chino desarrollar IA buscar enfocar servicio industria movilidad , minería , salud clima , contraste Chat GPT ser usuario .",frecuencia,unigrama,contenido,0.0
"función Eye Control teléfono también ser posible encender dispositivo , automóvil eléctrico compatible .",frecuencia,unigrama,contenido,0.0
"empresa , también estar expandeir EU Alemania , tener previsto iniciar producción masa país asiático antes final año .",frecuencia,unigrama,contenido,0.0
lanzar nuevo versión juego publicado hacer 20 año Game Boy Advance . ¿ edición Nintendo Switch lograr desmarcar él crear camino ?,frecuencia,unigrama,contenido,0.0
"ser usuario transporte público metrópoli capitalino , ya podrás recargar tarjeta movilidad aplicación hacer trámite gobierno .",frecuencia,unigrama,contenido,0.0
"dos ejemplo haber crecer audiencia ser Turbulence Burrita Burrona más allá nicho comedia , haber lograr hablar tema tabú red social .",frecuencia,unigrama,contenido,0.0
unidad movilidad eléctrico desplegar hacer poco más año finalidad reducir huella carbono sector .,frecuencia,unigrama,contenido,0.0
colaboración empresa marcar movimiento más importante conseguir objetivo mercado .,frecuencia,unigrama,contenido,0.0
"nivel protección dato , país deber actualizar legislación respecto , datar hacer más 10 año .",frecuencia,unigrama,contenido,0.0
"openai , empresa matriz ChatGPT , no explicar suceder herramienta estrella , además desconocer causa falla .",frecuencia,unigrama,contenido,0.0
"empresa apenas cumplir dos año sector , buscar convertir forma atraer más fanático principal saga .",frecuencia,unigrama,contenido,0.047836487323493986
"ser resumen principal novedad noticia Nintendo Direct : Partner Showcase : juego anunciado mañana , incluir dos Xbox .",frecuencia,unigrama,contenido,0.0
"¿ Facebook , Instagram Twitter ? dirar red social poder perder más usuario basado búsqueda internet usuario .",frecuencia,unigrama,contenido,0.0
"Petróleos Mexicanos ( Pemex ) reportar aumento casi 44 ciento deuda proveedor contratista , ascender 139 mil 115 millón pesos cierre febrero , comparación octubre .",frecuencia,unigrama,contenido,0.0
"inversión construcción , maquinaria bien duradero crecer año pasado nivel precedente , revelar Instituto Nacional Estadística Geografía ( Inegi ) . avance ser 19.7 ciento , impulsado construcción no residencial , incluir obra público . consumo , pilar demanda nacional , también alcanzar nuevo récord , crecer 4.39 ciento año pasado , debido mayor compra bien importado .",frecuencia,unigrama,contenido,0.0
"Brasilia . presidente brasileño , Luiz Inácio Lula Silva , remitir lunes Congreso proyecto ley regular derecho laboral trabajador aplicación transporte pasajero país , incluir exigencia pago salario mínimo .",frecuencia,unigrama,contenido,0.0
"peso mexicano romper lunes piso sicólogo 17 unidad dólar spot . divisa mexicano apreciar estadunidense 0.36 ciento , equivalente 6.13 centavo , cerrar 16.9619 unidad dólar mercado interbancario ( menudeo ) , primero cierre debajo 17 pesos 15 enero .",frecuencia,unigrama,contenido,0.0
"lástima : Ricardo     Salinas Pliego ya no funcionar campaña sucio corifeo mediático incluido nómina ( prestar tipo bajeza ) obtener canonjía y/ quitar él encima obligación legal , suerte , mucho retuerzar , grite chantajee , tener pagar impuesto adeudar hacer alrededor dos década , periodo dos gobierno panista priísta permitir tipo barón – , disgusto topó pared nuevo administración .",frecuencia,unigrama,contenido,0.0
"economía mexicano bajar ritmo crecimiento recta final año pasado tendencia mantener inicio segundo trimestre 2024 , señalar Sistema Indicadores Compuestos : Coincidente Adelantado , calcular Instituto Nacional Estadística Geografía ( Inegi ) . precisar indicador adelantado , sugerir comportamiento economía corto plazo , posicionar arriba tendencia largo plazo , presentar valor 100.2 punto octubre , equivaler caída 0.10 punto respecto septiembre , ser tercer retroceso consecutivo . ritmo caída indicador adelantado empezar acelerar él , prever corto plazo actividad productivo país seguir crecer , tasa menor . no obstante , consecuencia mejora indicador confianza empresarial , momento adecuado invertir tipo cambio , economía mantener ruta crecimiento .",frecuencia,unigrama,contenido,0.0
"San Francisco . , cuatro ex directivo Twitter ( hoy x ) demandar lunes Elon Musk , acusar haberlo despedido “ negligencia grave ” “ falta intencional ” no indemnizar él . documento judicial , querellant reclamar más 128 millón dólares Musk , comprar Twitter 44 mil millón dólares fines 2022 día tomar posesión echar ex presidente Parag Agrawal , director financiero , Ned Segal , director jurídico legal Vijaya Gadde Sean Edgett .",frecuencia,unigrama,contenido,0.0
"brecha género mujer lugar trabajo ser mucho más amplio pensar . cerrar él , señalar Banco Mundial ( BM ) , poder aumentar producto interno bruto global más 20 ciento .",frecuencia,unigrama,contenido,0.0
"industria automotriz México vender 225 mil 357 vehículo ligero mercado interno primero bimestre 2024 , mejor cifra periodo 2017 , comercializar 241 mil 640 unidad dato Instituto Nacional Estadística Geografía ( Inegi ) .",frecuencia,unigrama,contenido,0.0
"Londres . banco central estar cerca controlar inflación mundial , afirmar Banco Pagos Internacionales ( BPI ) . haber motivo “ optimismo prudente ” , más reciente informe trimestral BPI , realizar reunión periódico puerta cerrada principal responsable política monetario mundo . “ banco central haber tomar medida decisivo evitar inflación consolidar – decir prensa Claudio Borio , jefe Departamento Monetario Económico BPI – . “ tiempo , actividad económico haber mostrar notablemente resistente sistema financiero haber aguantar bien ” . BPI haber mostrar vez más esperanzado . finales año pasado , señalar avance inflación haber ser alentador , subrayar banco central no estar fuera peligro .",frecuencia,unigrama,contenido,0.0
"marcado cuesta enero alto tasa interés , saldo cartera vencido préstamo otorgar banco hogar mexicano situar 79 mil 693 millón pesos primero mes 2024 , incremento 21.6 ciento término nominal 16 ciento real respecto 65 mil 553 millón reportado periodo comparable 2023 , mostrar dato Banco México ( BdeM ) .",frecuencia,unigrama,contenido,0.014282799726001057
"Londres . bitcóin alcanzar lunes nivel más alto dos año , superar 65 mil dólares , oleada dinero acercar nivel récord . precio alcanzar máximo sesión 65 mil 537 dólares primero hora mañana Europa , tocar nuevo máximo dos año operación asiático . último cotización ganar 4 ciento , llegar 65 mil 45 dólares . bitcóin marcar récord 68 mil 999.99 dólares noviembre 2021 . mayor criptodivisa valor mercado haber ganar 50 ciento año mayor parte alza haber producir último semana , haber disparar entrada fondo bitcóin cotizado Estados Unidos .",frecuencia,unigrama,contenido,0.0
"Pekín . China fijar meta crecimiento económico alrededor 5 ciento 2024 , similar año pasado línea expectativa analista , informe oficial .",frecuencia,unigrama,contenido,0.0
"luego cerrar año nivel histórico , México comenzar año importar menos fertilizant ; embargo , enero Rusia aumentar más 500 ciento envío abono país , volver ser principal proveedor .",frecuencia,unigrama,contenido,0.0
"uso sistema inteligencia artificial , intento fraude contra cliente Citibanamex , banco mayor presencia país , haber disminuir 70 ciento , dar conocer Rosario Valdivia , directora tecnología institución financiero .",frecuencia,unigrama,contenido,0.0
"China dominar producción     automóvil siguiente década provocar guerra comercial , tecnológico político nivel global .",frecuencia,unigrama,contenido,0.0
"Johan Vásquez ( derecha ) anotar primero gol temporada partido equipo , Génova , perder frente Inter Milán . imagen disputar balón argentino Lautaro Martínez .",frecuencia,unigrama,contenido,0.0
"conflicto Red Bull poder desencadenar partida Max Verstappen , vigente tricampeón Fórmula Uno . situación atravesar director Christian Horner , acusado supuesto “ conducta inapropiado ” empleada , haber generar ambiente intranquilidad alrededor escudería austriaco . victoria Verstappen , segundo lugar Sergio Pérez arranque temporada calmar turbulencia .",frecuencia,unigrama,contenido,0.0
"Pachuca femenil alcanzar ayer subliderato Liga Mx , tiempo Monterrey Chivas golear cierre jornada nueve . pese baja , Tuzas obtener victoria cómodo Puebla ( 2-0 ) . Chinwendu Ihezuo Destinne Manzo anotar hidalguens llegar 20 unidad , punto arriba Monterrey , Sultana Norte , apalear Santos ( 6-0 ) , equipo ya sumar 42 gol contra . estadio Akron , Chivas superar Necaxa ( 4-0 ) juego definir primero 20 minuto tanto Dana Sandoval , Carolina Jaramillo autogol Brissa Range .",frecuencia,unigrama,contenido,0.0
"Englewood . Broncos Denver comunicar Russell Wilson dejar libertad próximo semana , 18 mes firmar mariscal campo ganador Supertazón extensión contrato cinco año 242 millón dólares . potencial destino Wilson ser Pittsburgh , tener programado calendario visita Denver próximo día . salida Russell , franquicia deber absorber golpe 89 millón dólares dinero muerto próximo dos temporada . mando entrenador Sean Payton , Wilson tener temporada buen , no ser suficiente Payton mandar banca lugar Jarrett Stidham dos partido anterior . Broncos cerrar calendario 8-9 , octavo campaña fila llegar playoff . Wilson ser adquirir 2022 proveniente Halcones Marinos Seattle , coronar 2013 .",frecuencia,unigrama,contenido,0.018731716231633878
"París . Colores vibrante sitio emblemático iluminar cartel Juegos Olímpicos París , estilo art déco inspirado pasado extravagante ciudad .",frecuencia,unigrama,contenido,0.0
Randal Willars tener as manga cara presentación Juegos Olímpicos París 2024 : salto mayor grado dificultad realizar mundo .,frecuencia,unigrama,contenido,0.0
"Indian Wells , primero Masters 1000 temporada , ser próximo objetivo Santiago González , subcampeón Abierto Mexicano Tenis .",frecuencia,unigrama,contenido,0.0
"Federación Mexicana Futbol ( FMF ) , regreso ascenso descenso primero división ser tema seguir cerrado . hacer temporada , club Liga Expansión haber salir expresar él contra medida tomado 2020 , máxima autoridad mantener condición abrir competencia deportivo . significar menos cuatro franquicia deber estar certificada temporada 2024-25 , sólo , Atlante , haber poder acreditar requisito .",frecuencia,unigrama,contenido,0.0
"visita América estadio Nemesio Díez terminar pesadilla . poder salvar actual subcampeona goleada 3-0 Toluca , rival dominar notable consistencia ataque sumar tercer triunfo nueve fecha Liga Mx Femenil .",frecuencia,unigrama,contenido,0.0
Madrid . raro astrolabio islámico siglo XI inscripción árabe hebreo origen situar Toledo ser descubrir museo italiano experta Universidad Cambridge .,frecuencia,unigrama,contenido,0.0
"Racismo , pobreza , desaparición lengua desplazamiento ser cuatro factor dificultar presencia indígena ciencia México . panorama complicar todavía más mujer , además discriminación racial deber enfrentar género , considerar investigadora indígena .",frecuencia,unigrama,contenido,0.0
"existir percepción inteligencia artificial ( IA ) poder solucionar problema explotación laboral facilitar vida persona , “ ser tecnología utilizado forma capitalista , más bien usar perfeccionar explotación sobrexplotación clase obrero ” , considerar Jorge Veraza Urtuzuástegui presentación libro Karl Marx , inteligencia artificial gobierno despótico producción ( 200 año nacimiento pensador revolución comunista ) .",frecuencia,unigrama,contenido,0.0
"reconocido barítono galés Bryn Terfel presentar primero vez México Palacio Bellas Artes , parte celebración 90 aniversario recinto cultural , cumplir 29 septiembre .",frecuencia,unigrama,contenido,0.0
"embajada México Suiza recibir lote 24 pieza prehispánica pertenecer patrimonio cultural país , acuerdo dictamen Instituto Nacional Antropología Historia ( INAH ) .",frecuencia,unigrama,contenido,0.0
"gordura ser mayor estigma . ahondar tema perspectiva arte cultura , así social salud , realizar tercero Jornada Supurando Heridas Habitar Estrías , organizado Centro Artes Oficios ( CAO ) Escuelita Emiliano Zapata Pedregal Santo Domingo , activista Fat Alista Museo Universitario Arte Contemporáneo ( MUAC ) .",frecuencia,unigrama,contenido,0.0
"bailarina coreógrafa japonés Natsu Nakajima , discípular Kazuo Ohno Tatsumi Hijikata , morir domingo pasado 80 año Ciudad México , informar Dirección Danza Universidad Nacional Autónoma México ( UNAM ) . 18 marzo cumplir 81 año .",frecuencia,unigrama,contenido,0.0
"hacer 97 año , 6 marzo , nacer escritor periodista colombiano Gabriel García Márquez , artífice realismo mágico , poner América Latina imaginario millón lector solo palabra : Macondo .",frecuencia,unigrama,contenido,0.0
"edición 45 Feria Internacional Libro Palacio Minería ( FILPM ) concluir asistencia 111 mil 239 visitante presupuesto 12 millón pesos , informar director , Fernando Macotela . agregar estar llegar “ curva ascendente ” reforzar serie adecuación .",frecuencia,unigrama,contenido,0.0
"Madrid . poco antes morir , Gabriel García Márquez sentenciar historia haber estar trabajar último año vida : “ libro no servir . haber destruir él ” . hablar agosto ver , novela inédito finalmente ver luz presentar martes Instituto Cervantes Madrid , acto tener repercusión mundial través nuevo tecnología , , , enorme interés seguir suscitar obra figura Gabo .",frecuencia,unigrama,contenido,0.0
"banco dar conocer Nuñez , también ser parte Consejo Administración Getnet , ser líder unidad digital salir año .",frecuencia,unigrama,contenido,0.0
"reporte trimestral Banco México ( Banxico ) , Junta Gobierno dejar ver haber ajuste tasa marzo , rendimiento instrumento ajustar .",frecuencia,unigrama,contenido,0.0
"generación empleo , considerar primero dos mes año , ser 265.424 puesto .",frecuencia,unigrama,contenido,0.0
"medio rural mujer asumir mucho más tarea doméstico cuidado persona , limitar oportunidad estudio empleo , señalar organización informe .",frecuencia,unigrama,contenido,0.0
SAT contar guía presentar informe anual empresa pago Impuesto Renta ( ISR ) .,frecuencia,unigrama,contenido,0.0
"Índice multimillonario agencia Bloomberg , fortuna Bezos ascender 200.000 mdd , superar 198.000 mdd dueño Tesla .",frecuencia,unigrama,contenido,0.0
"objetivo ir línea expansión PIB año pasado , 5.2% , situar lejos dinámico ritmo crecimiento economía chino año 1990 2000 .",frecuencia,unigrama,contenido,0.0
"casi cinco mes paso huracán , aseguradora haber indemnizar más 200 embarcación costo promedio individual 4.3 millón pesos .",frecuencia,unigrama,contenido,0.0
así poder restablecer cuenta Instagram olvidastir contraseña . enseñar recuperar él correo número celular .,frecuencia,unigrama,contenido,0.0
no robir cuenta existir opción activar segundo capa seguridad . hazlo paso paso .,frecuencia,unigrama,contenido,0.0
Facebook señalar existir opción recuperación contraseño evitser pérdida información .,frecuencia,unigrama,contenido,0.0
"usuario reportar sesión aplicación cerrar manera repentino , carga Instagram ser lento .",frecuencia,unigrama,contenido,0.0
compañía sueco haber ser encargada crear red privado empresa éxito .,frecuencia,unigrama,contenido,0.0
"nuevo funcionalidad plataforma filtra dirección IP usuario , poner riesgo seguridad línea .",frecuencia,unigrama,contenido,0.0
"“ problema técnico ” provocar caída mundial Facebook Instagram primero hora ayer , confirmar directivo Meta , conglomerado empresa tecnología pertenecer ambos red social .",frecuencia,unigrama,contenido,0.0
"población mexicano crecer último vez 2051 . luego año nacimiento llegada migrant país no compensar defunción salida residente , acuerdo proyección Comisión Económica América Latina Caribe ( Cepal ) .",frecuencia,unigrama,contenido,0.0
"principal obstáculo lograr igualdad género 2030 ser “ alarmante falta financiamiento ” , existir “ abrumador déficit anual 360 mil millón dólares ” , medida global destinado alcanzar meta .",frecuencia,unigrama,contenido,0.0
"década declarar América Móvil agente preponderante , participación mercado haber reducir alrededor 10 punto porcentual , compañía sector seguir poder competir , reportar consultora mexicano The Competitive Intelligence Unit ( The CIU ) .",frecuencia,unigrama,contenido,0.0
"Londres . bitcóin alcanzar máximo histórico martes , impulsado inversor inyectar dinero criptoproducto cotizado contado Estados Unidos perspectiva tasa interés mundial poder bajar . mayor criptomoneda mundo alcanzar máximo 69 mil 202 dólares , superar récord histórico 68 mil 999.99 dólares noviembre 2021 .",frecuencia,unigrama,contenido,0.0
"pese mujer generar riqueza ser elemento indispensable aumentar competitividad país , principal problema exclusión mercado laboral estar relacionado factor asociado estereotipo papel tradicional género .",frecuencia,unigrama,contenido,0.0
"luego realizar importación agroalimentario récord , 2023 México convertir principal comprador grano Estados Unidos mandar China segundo posición , revelar información Departamento Agricultura Estados Unidos ( USDA , sigla inglés ) .",frecuencia,unigrama,contenido,0.0
peso lograr sostener él debajo línea 17 dólar spot – mejor nivel inicio 2024 – segundo jornada consecutivo .,frecuencia,unigrama,contenido,0.0
,frecuencia,unigrama,contenido,0.0
"falta perspectiva género diseño política fiscal fortalecer desigualdad hombre mujer América Latina , afirmar especialista organización Fundar .",frecuencia,unigrama,contenido,0
"analista sector financiero consultado Citibanamex esperar mes Banco México ( BdeM ) hacer recorte cuarto punto porcentual tasa referencia , instrumento marcar costo financiar empresa familia , actualmente encontrar 11.25 ciento .",frecuencia,unigrama,contenido,0.0
"Habana . Cuba apagar casi tres cuarta parte alumbrado público hora mayor consumo hacer frente creciente escasez energía , reportar martes medio estatal , crisis económico ser vez más profundo isla .",frecuencia,unigrama,contenido,0.0
"selección mexicano tener cuenta pendiente Liga Naciones Concacaf . disputar primero vez 2019 , Tricolor haber quedar deriva . ser título seguir exhibir él vitrina . Gerardo Martino Diego Cocca poder ganar él entrenador . situación poder cambiar Jaime Lozano 21 marzo México enfrentar Panamá pase final .",frecuencia,unigrama,contenido,0.0
Miami . mexicano Jaime Jáquez Jr . finalizar 11 punto triunfo Heat Miami ( 118-110 ) Pistones Detroit .,frecuencia,unigrama,contenido,0.0
"mente español Pedro López , técnico selección mexicano femenil , no existir escenario más final título Copa Oro W. llegar ahí , jugadora deber salir victoriosa Brasil , potencia mundial categoría rival semifinal torneo . ambiente ser inmejorable concentración mexicana . luego avanzar Paraguay fase anterior , López considerar estar frente mayor prueba demostrar crecimiento no ser obra casualidad .",frecuencia,unigrama,contenido,0.0
"Diablos Rojos perder primero duelo semifinal Liga Mexicana Softbol femenil . Charros Jalisco pegar 6-3 escarlata , poner él 1-0 .",frecuencia,unigrama,contenido,0.0
definir dentro semana Liga Campeones Concacaf .,frecuencia,unigrama,contenido,0.0
"San Sebastián . Kylian Mbappé no ir extrañar París Saint-Germain decidir partir club . parisino , cambio , sí echar menos francés no estar liquidar partido definitorio , suscitar ayer Champions Real Sociedad ( 2-1 ) .",frecuencia,unigrama,contenido,0.0
"París . total 180 barco , 94 transportar deportista , desfilar río Sena París parte ceremonia inauguración Juegos Olímpicos 2024 , 26 julio , detallar prefecto región Ile-de-France , Marc Guillaume .",frecuencia,unigrama,contenido,0.0
"pasado 26 febrero , Gabriela Agúndez fin respirar alivio . convertir él manera oficial seleccionado olímpico quitar peso encima clavadista , partir entonces desechar inquietud mente concentrar él lleno preparación .",frecuencia,unigrama,contenido,0.0
"unanimidad , Senado República aprobar ayer reforma Ley Federal Trabajo ( LFT ) encaminado avanzar igualdad salarial deporte profesional , establecimiento salario base hombre muje-r respeto pleno derecho laboral futbolista , boxeado-ras , luchador integrante disciplina , no poder ser discriminar hostigada .",frecuencia,unigrama,contenido,0.0
"futbol profesional existir amplio brecha salarial hombre mujer . acuerdo sitio especializado Salary Sport , delantero francés Tigres , André-Pierre Gignac , percibir alrededor 5 millón dólares anual , sueldo promedio jugadora Liga Mx Femenil ser 8 mil 12 mil pesos mensual . excepción , mayoría aún deber pagar renta , comida nutriólogo profesional falta respaldo cabal club . Comisión Federal Competencia Económica sancionar 2021 FMF promover brecha salarial género .",frecuencia,unigrama,contenido,0.0
"Madrid . homínido organización fabricar herramienta piedra ocupar este Asia hacer 1.1 millón año , 300 mil antes hacha mano más antiguo hallado región .",frecuencia,unigrama,contenido,0.0
"Houston . luego dos año riguroso entrenamiento , 10 estadunidens convertir forma oficial astronauta martes ahora ser elegibl misión NASA Estación Espacial Internacional ( EEI ) , Luna , ir bien , Marte .",frecuencia,unigrama,contenido,0.0
"Washington . Científicos crear miniorga yo partir célula flotar líquido rodear feto útero , avance considerar poder abrir nuevo área medicina prenatal .",frecuencia,unigrama,contenido,0.0
"legado periodístico literario Javier Valdez seguir vigente año ser obligar lectura texto México bárbaro incendiado , sostener Griselda Triana , compañera vida corresponsal Jornada asesinado mayo 2017 .",frecuencia,unigrama,contenido,0.0
"primero tres año ser puntual día , noche cama mañana baño , tregua sagrado regla parto . ambos ver tiempo amenaza rutina , poner él acuerdo decidir sumar él amor grano aventura . época soler ir motel lance , tanto más refinado mala muerte , noche hotel ser asaltar mano armado dejar puro cuero . ser inspiración tanto imprevista acostumbrar llevar preservativo cartera evitar sorpresa . descubrir azar marca llevar impreso anuncio publicidad : Next Time Buy Lutecian . así ser inaugurar largo época amor llevar premio frase feliz , procaz sentencia Séneca .",frecuencia,unigrama,contenido,0.0
"Monterrey , NL . , emblemático edificio albergar maderería Victoria , construido 1945 dentro tendencia arquitectónico art decó tardío , empezar ser restaurar ser convertir Casa Libro Monterrey , 60 año abandono .",frecuencia,unigrama,contenido,0.03401085119257179
"Tijuana , BC . , Compañía Nacional Teatro llegar pasado fin semana Tijuana – parte descentralización – Diccionario , primero actriz Luisa Huertas dar vida María Moliner ; Daniel Giménez Cacho , gancho abarrotar Centro Cultural Tijuana ( Cecut ) charla “ profesión actor ” puesta escena ¡ Violencia ! , coproducción Centro Cultural Helénico .",frecuencia,unigrama,contenido,0.0
,frecuencia,unigrama,contenido,0.0
"Nueva York . japonés Riken Yamamoto ganar premio Pritzker 2024 , considerado Nobel arquitectura , informar organización responsable distinción comunicado elogiir estilo tranquilizador ” .",frecuencia,unigrama,contenido,0
"poeta indígén Margarita León ( Santiago Anaya , Hidalgo , 1982 ) sufrir experiencia aterrador ser niña : muerte madre parto décimo hijo . Margarita , entonces 9 año , querer recitar poema rendir él homenaje festival Día Madres , enmudeceír frente asistente .",frecuencia,unigrama,contenido,0.0
"“ rodilla , rosal ” , aconsejar padre podar texto hija adolescente , ya madre abuela platicacer . “ rodilla ” , entender , ser rosal , cosa equivocado : ser deber ser jardinero . Suena cruel , ser , nada más , práctico . rosal , rosal , decir , florecer así mucho mejor . anécdota , Monterrey .",frecuencia,unigrama,contenido,0.0
"lanzamiento novela póstuma Gabriel García Márquez ( 1927- 2014 ) , agosto ver , llegar hoy librería concordancia cumpleaños autor colombiano , haber convertir fenómeno venta : Amazon coloca segundo libro más vendido México .",frecuencia,unigrama,contenido,0.0
"Madrid . multitudinario rueda prensa Instituto Cervantes Madrid , acudir 50 periodista más 180 seguir transmisión Internet , hijo Gabriel García Márquez rememorar último día padre , dictar fiel secretario , Monica Alonso , corrección postrer obra literario , dejar inconclús dispersa cinco manuscrito .",frecuencia,unigrama,contenido,0.0
"medio disputa comercio grano , subsecretario Agricultura mexicano decir haber ciencia probar herbicida glifosato ser dañino salud humano .",frecuencia,unigrama,contenido,0.0
"tener buen ingreso retiro ser gran desafío generación más joven ; embargo , mujer ser aún más , debido dificultad adicional enfrentar .",frecuencia,unigrama,contenido,0.0
Fitch institución Sofipos fintech tener capacidad financiamiento menos diversificado .,frecuencia,unigrama,contenido,0.0
"conocer ser salario promedio Puebla nivel calidad vida considerar aspecto industria , actividad , movilidad empleo .",frecuencia,unigrama,contenido,0.0
""" economía evolucionar general esperar , seguramente ser apropiar comenzar flexibilizar política ( monetario ) punto año "" , asegurar presidente Reserva Federal .",frecuencia,unigrama,contenido,0.0
"consumidor mexicano percibir mejora condición económico hogar país , mejorar disposición consumo durabl . disminuir confianza futuro cercano .",frecuencia,unigrama,contenido,0.0
"Gane ganar , reto estar analizar presupuesto público gastar concepto redituabl economía , además generar más ingreso considerar reforma tributario .",frecuencia,unigrama,contenido,0.0
fundador empresa señalar multimillonario buscar OpenAI fusionar Tesla partir ahí convertir él director ejecutivo .,frecuencia,unigrama,contenido,0.0
actriz presentadoro Ana Sáenz unir proyecto conductora oficial ¡ Haz Match ! charlar celebridad pareja historia Tinder .,frecuencia,unigrama,contenido,0.0
"viajero nacional estar buscar destino menos turístico , idea ser explorar nuevo pueblito ciudad .",frecuencia,unigrama,contenido,0.0
empresa japonés abrir showroom Ciudad México objetivo mostrar diferente categoría producto impulsar creación artístico .,frecuencia,unigrama,contenido,0.0
,frecuencia,unigrama,contenido,0.0
"febrero , preámbulo campaña electoral , Indicador Confianza Consumidor ( ICC ) ubicar 47.01 punto , quinto mejor registro iniciar serie hacer más dos década . dato representar ligero baja respecto enero , medición dar resultado punto ; comparativo anual tener avance 2.4 punto , reportar Instituto Nacional Estadística Geografía ( Inegi ) .",frecuencia,unigrama,contenido,0
"cuello botella registrar industria automotriz mexicano debido interrupción cadena suministro nivel mundial haber ir desfogar . febrero , producción aumentar 7.76 ciento tasa anual venta unidad extranjero repuntar 22.62 ciento , consignó Instituto Nacional Estadística Geografía ( Inegi ) .",frecuencia,unigrama,contenido,0.025976216673306553
"pese desfase política monetario México Estados Unidos , hacer disminuir corto plazo diferencial tasa interés ambos economía , México seguir ser atractivo inversionista internacional , ahí fortaleza moneda nacional , estar mejor nivel inicio año .",frecuencia,unigrama,contenido,0.0
"migrant ser catalizador economía , acción contribuir aumento exportación , inversión extranjero directo ( IED ) productividad , asegurar Violetta Kuzmova , titular área Desarrollo Sostenible Migración Organización Internacional Migraciones ( OIM ) .",frecuencia,unigrama,contenido,0.0
"pese tener menos confianza hora elegir inversión , mujer soler superar rentabilidad cartera capital hombre , ya ser disciplinar , tener menos probabilidad cambiar perfil riesgo medio volatilidad , documentar arriesgar acuerdo objetivo , evidenciar UBS Women and Investing .",frecuencia,unigrama,contenido,0.0
"presidente francés Emmanuel Macrón , decir desdecir él , proponer conferencia apoyo Ucrania ( París , 26 /1/24 ) frente 27 líder ministro UE OTAN , enviar tropa terrestre campo batalla ucranio , sabiendas generar intensificación bélico , rechazo generalizado luego recular mantener hostilidad rusofóbico . enviar tropa zona conflicto ser provocación orden mayor Rusia .",frecuencia,unigrama,contenido,0.028676966733820218
"primero bimestre año , dos cada 10 auto vendido México ser importar China , señalar conferencia Cristina Vázquez , coordinadora Estudios Económicos Asociación Mexicana Distribuidores Automotores ( AMDA ) .",frecuencia,unigrama,contenido,0.0
"participación mujer mercado laboral mexicano ser más bajo América Latina , hecho influenciado factor social cultural limitar incorporación actividad económico aunado falta política público , dar conocer Citibanamex .",frecuencia,unigrama,contenido,0.0
"gobierno mexicano recuperar capacidad Aeropuerto Internacional Ciudad México ( AICM ) manera gradual haber realizar estudio implicar construcción dos nuevo terminal próximo 10 año atender demanda actual futuro instalación , contexto “ terminal 1 2 acercar final vida útil ” , informar Secretaría Infraestructura , Comunicaciones Transportes ( SICT ) .",frecuencia,unigrama,contenido,0.0
"valor exportación café México caer 28 ciento 2023 comparación año previo , revelar dato oficial . anterior pesar contexto mayor cotización internacional afectación cosecha fenómeno climático adverso .",frecuencia,unigrama,contenido,0.0
,frecuencia,unigrama,contenido,0.0
"Berlín . veces producto sólo diferenciar diseño tamaño envase , pensado público femenino masculino , ser alemana pagar más .",frecuencia,unigrama,contenido,0
"Pekín . objetivo crecimiento PIB China alrededor 5 ciento 2024 ser alcanzable “ arduo trabajo ” , afirmar miércoles Zheng Shanjie , director Comisión Nacional Desarrollo Reforma , explicar principal acción gubernamental restablecer economía año .",frecuencia,unigrama,contenido,0.0
"Berlín . dos instituto investigación alemán recortar ayer previsión crecimiento 2024 , último golpe mayor economía zona euro .",frecuencia,unigrama,contenido,0.0
,frecuencia,unigrama,contenido,0.0
"Ángeles . anfitriona Estados Unidos derrotar ayer Canadá 3-1 tanda penal empatar 2-2 tiempo reglamentario , medir Brasil final primero edición Copa Oro futbol femenino .",frecuencia,unigrama,contenido,0
"Madrid . Fiscalía español acusar técnico Real Madrid , Carlo Ancelotti , supuesto fraude fiscal decir utilizar empresa pantalla ocultar parte ingreso primero etapa club hacer más uno década .",frecuencia,unigrama,contenido,0.04335549847620599
"Barcelona . ministerio Trabajo España enviar acta infracción Real Federación Española Futbol ( RFEF ) falta protocolo acoso ex dirigente organismo deportivo Luis Rubiales dar beso no consensuado Jennifer Hermoso . además , sancionar junto Barcelona no tener plan igualdad , poder desembocar multa 7 mil 500 euros .",frecuencia,unigrama,contenido,0.0
"Washington . Franz Wagner anotar 28 punto , Paolo Banchero añadir 25 Magic Orlando remontar déficit 21 unidad segundo cuarto vencer miércoles 119-109 Wizards Washington , sufrir derrota 16 consecutivo .",frecuencia,unigrama,contenido,0.0
Charros Jalisco vencer manera cardiaco Diablos Rojos femenil pizarra 11-10 ayer juego ser extrainning .,frecuencia,unigrama,contenido,0.0
"París . sorpresa , Real Madrid Manchester City cumplir vuelta octavo final Liga Campeones Leipzig ( 1-1 ) Copenhague ( 3-1 ) , respectivamente , unir nombre París Saint-Germain Bayern Múnich cuarto final , momento , figurar grande escuadra futbol europeo .",frecuencia,unigrama,contenido,0.0
"Chihuahua , Chih . , jugador cuerpo técnico Chihuahua Futbol Club anunciar continuidad equipo Liga Premier Mx ser “ insostenible ” . abandonar plantel regresar lugar origen , derivado dueño franquicia , Carlos Lazo Reyes , permanecer prófu-go justicia presunto fraude más mil millón pesos realizar través empresa apuesta deportivo Yox Holding .",frecuencia,unigrama,contenido,0.0
"24.1 millón televidente , México convertir país mayor seguimiento Supertazón 58 después Estados Unidos ; incremento importante tomar cuenta 2023 audiencia ser 20.7 millón .",frecuencia,unigrama,contenido,0.0
"América poner pie cuarto final Copa Campeones Concacaf golear 3-0 Chivas , quedar jugador menos mayor parte segundo tiempo miércoles partido ida octavo final , disputado estadio Akron .",frecuencia,unigrama,contenido,0.0
"haber esperanza , apagar 10 minuto . selección femenil mexicana futbol vislumbrar éxito caer ayer 3-0 Brasil desplegar potencial miramiento alcanzar final Copa Oro W. expulsión error zaga sentenciar tricolor , perder invicto Pedro López después 23 juego .",frecuencia,unigrama,contenido,0.03993615319154358
"Noemí Monroy , abogada especializado asunto deportivo promotora iniciativa establecer salario base deporte profesional , indicar esperar igual empatía respaldo parte diputado ser votar cambio profundo proyecto decretir ley tiempo aproximado dos mes , evitar retraso elección .",frecuencia,unigrama,contenido,0.0
"eclips , más allá atraer atención niño adulto , dar lugar mito inspirar literato , “ ser herramienta proporcionar naturaleza conocer él mejor ” , afirmar Luis Felipe Rodríguez Jorge . observación haber ampliar conocimiento movimiento cuerpo sistema solar , descubrir helio comprobar teoría relatividad , así Tierra rotar vez más lentamente .",frecuencia,unigrama,contenido,0.03458572319330373
"aniversario 97 nacimiento escritor Gabriel García Márquez , Cámara Diputados recordar premio Nobel Literatura 1982 “ maestro literatura universal ” ponderar “ genialidad contribución patrimonio cultural humanidad ” .",frecuencia,unigrama,contenido,0.0
"Moscú . novela póstuma Gabriel García Márquez , agosto ver , salir ayer luz Rusia , confirmar grupo editorial AST .",frecuencia,unigrama,contenido,0.0
"San Salvador , Hgo . , parte actividad impulsar interés vecino comunidad indígena elaboración mural art plástico , ser develar pasado 1º marzo mural Hermanamiento raíz corazón América , localidad otomí Rodrigo , municipio San Salvador , Hidalgo .",frecuencia,unigrama,contenido,0.0
"historiador Tomás Pérez Vejo , libro nación doliente : Imágenes profanas historia sagrado ( Instituto Nacional Antropología Historia , 2024 ) , relatar partir siglo xix dejar contar pintura México historia nacimiento , muerte resurrección Cristo narrar historia nacimiento , muerte resurrección nación mexicano .",frecuencia,unigrama,contenido,0.0
"Cristina Hoyos , flamenca flamenquería catalán , magia magia , vestir futbolista equipo Barcelona , parte , , , Puma universitario . marco Camp nou , no caber ni mosca más , vibrar instante aprisionar pase ritmo furia español futbolero tornado rumba flamenco , vibrante esconder amor pintor aragonés . ¡ Goya , goyo !",frecuencia,unigrama,contenido,0.0
"más artefacto ocultar rostro representar más , fotógrafo Víctor Benítez entender máscara concepto metáfora identidad , tema haber encaminar gran parte interés propuesta creativo .",frecuencia,unigrama,contenido,0.0
"Preservar cultura , “ parte ser venir ” , así poner alto nombre México lugar origen , San Pedro Jicayán , ser razón migrant municipio zona costero Oaxaca , radicado Santa Ana , California , decidir organizar primero Carnaval Indígena Costeño ciudad Estados Unidos .",frecuencia,unigrama,contenido,0.0
"admiración escritor Gabriel García Márquez ( 1927-2014 ) continuar México . ayer , joven lector mostrar embebido Metro lectura emblemático novela amor tiempo cólera . preguntar él conocer texto inédito agosto ver , expresar deseo obtener él cuanto antes ” .",frecuencia,unigrama,contenido,0.0
"Madrid . “ tratar él novela Gabriel García Márquez , más aún , libro inédito póstumo , haber expectativa . haber notar primero día salir venta . sólo primero hora haber vender más 100 ejemplar , margen gente haber estar preguntar último día novela ” , relatar responsable librería más importante Madrid , Central , mañana cambiar escaparate situar lugar privilegiado ejemplar agosto ver , publicar España editorial Random House , México Centroamérica hacer editorial Diana , Grupo Planeta .",frecuencia,unigrama,contenido,0.033113308926626096
"economista jefe Citi América Latina , Ernesto Revilla , destacar siguiente gobierno deber también dar prioridad finanza Pemex .",frecuencia,unigrama,contenido,0.0
"estar superar "" histórico "" cifra año anterior , decir Rogelio Ramírez O.",frecuencia,unigrama,contenido,0.0
"jornada semanal trabajo hogar no remunerado ser más extenso mujer , promedio 32 hora , hombre ser solo 14 hora , decir Coneval .",frecuencia,unigrama,contenido,0.0
"pepino , gas LP cebolla ser producto más subir precio febrero , acuerdo Inegi .",frecuencia,unigrama,contenido,0.0
"agencia calificadoro destacar crecimiento empleo bajo costo operación modelo digital , necesidad relocalización , favorecer largo plazo banco .",frecuencia,unigrama,contenido,0.0
""" creer estar lugar correcto "" , decir presidente Reserva Federal Comisión Banca Senado .",frecuencia,unigrama,contenido,0.0
incertidumbre económico alza tasa interés estar considerado principal razón declive .,frecuencia,unigrama,contenido,0.0
comercio exterior haber ser factor clave crecimiento económico China último década haber generar gran cantidad empleo sector manufacturero .,frecuencia,unigrama,contenido,0.0
"CEO Citigroup destacar , pesar hacer división banco Banamex Citi México , confiar liderazgo reconfiguración cadena suministro .",frecuencia,unigrama,contenido,0.0
"brecha salarial tarea cuidado perjudicar retiro mujer , advertir grupo financiero suizo UBS .",frecuencia,unigrama,contenido,0.0
"saldo rojo comercio bien servicio resto mundo alcanzar 67.400 millón dólares primero mes año , aumento 5.1% respecto diciembre pasado .",frecuencia,unigrama,contenido,0.0
inflación subyacente también mostrar incremento más lento observado último mes . gas LP gasolina sufrir mayor aumento precio mes pasado .,frecuencia,unigrama,contenido,0.0
"acuerdo cifra oficial , año pasado ingresar 4.817 mdd nuevo inversión , cifra apenas representar 13% total IED ; 2022 flujo ser equivalente 50% .",frecuencia,unigrama,contenido,0.0
normativa tener objeto garantizar grande tecnológico comportir manera equitativo línea .,frecuencia,unigrama,contenido,0.0
"ser tendencia empresa estar impulsar , vez haber más opción mercado usuario conocer .",frecuencia,unigrama,contenido,0.0
"valor exportación México Estados Unidos comenzar año nivel precedente , confirmar posición país principal proveedor socio comercial mayor potencia económico mundo , revelar dato oficial nación divulgado ayer .",frecuencia,unigrama,contenido,0.0
"política fiscal impulsado actual administración haber buscar “ salvaguardar estabilidad macroeconómico mantener deuda trayectoria estable ; compromiso mantener último año gobierno hacer corresponder transición suave ordenado ” , enfatizar Rogelio Ramírez O , titular Secretaría Hacienda Crédito Público ( SHCP ) .",frecuencia,unigrama,contenido,0.0
"Juriquilla , Qro . , industria seguro fianza , así bien raíz , ser más “ noble ” México mujer alcanzar independencia económico , igualdad equidad percepción .",frecuencia,unigrama,contenido,0.03539961627023943
"ser evidente   notable incorporación progresivo mujer cargo representación político ejercicio gobierno . no ir tanto lejos : silla presidencial tener año mujer ocupante , primero vez , general sostener proporción paritario candidatura no tanto , también , gabinetes .",frecuencia,unigrama,contenido,0.0
"Concluyo hoy   serie estrategia superación pobreza ( ESP ) América Latina Caribe ( ALyC ) propuesto PNUD 1990 , esperanza Claudia Sheinbaum ( CS ) apropiir mejor aplique gobierno . Dimensión género . “ perspectiva género no considerar aisladamente mujer , concibe vulnerable ” , empezar señalar DSP continuar : “ Cuestiona , cambio , relación hombre mujer constituir problemática género deber restructurar fondo facilitar construcción sociedad más equitativo dimensión género , más justo más humano . punto partida ESP ser reconocimiento mujer pobre formar parte no sólo estrato social carenciado , también género subordinado oprimido ” . DSP sugerir repensar concepto económico básico luz visión integral sociedad comprender ámbito privado hogar . “ primero lugar , señalar DSP , deber redefinir él trabajo doméstico no remunerado trabajo productivo incluir él cuenta nacional estadística laboral . segundo lugar , deber redefinir él concepto hogar , eliminar dos supuesto falso : equidad interno hogar miembro participar toma decisión ” . DSP distinguir dos nivel intervención . primero implicación restructuración relación género largo plazo : nuevo opción relación laboral , legislación , responsabilidad tarea doméstico , abolición división género trabajo ( hombre tarea remunerada , mujer sólo doméstica reproductiva ) ; mujer controlir sexualidad capacidad reproductivo , eliminar coerción violencia masculino . segundo relacionar acción práctico implicación más inmediato , orientado satisfacer requerimiento guardería servicio comunitario . derecho trabajo no reconciliar fácilmente reproducción . guardería jornada completo ser ya indispensable . guardería , ser público , poder tener efecto sinérgico importante , además cuidado , proporcionar alimento subsidiado poder estimular organización autónomo madre . concluir así texto dimensión género DSP : “ hogar mujer percibir / controlar ingreso familiar lograr mayor bienestar ingreso , reforzar importancia liberar traba incorporación duplicar jornada trabajo . ”",frecuencia,unigrama,contenido,0.05973476910894989
"motivo consorcio estadunidense Citigroup comprar Banco Nacional México ( Banamex ) , ser tener banco ofrecer servicio financiero empresario nacional internacional maximizar oportunidad inversión país , “ haber cumplir ” , afirmar directivo institución financiero .",frecuencia,unigrama,contenido,0.0
"46.8 millón persona vivir situación pobreza extremo México , 53 ciento ser mujer , resaltar jueves Organización Naciones Unidas ( ONU ) encuentro representante iniciativa privado gobierno señalar urgencia invertir medida destinado equidad género .",frecuencia,unigrama,contenido,0.0
Suprema Corte Justicia Nación ( SCJN ) poder poner punto final juicio promovido tope máximo 0.57 ciento comisión hoy cobrar Afore trabajador administrar ahorro retiro .,frecuencia,unigrama,contenido,0.0
"economía mexicano estar vivir momento mayor atractivo mercado internacional ; parte desempeño tanto beneficio estar absorber relocalización cadena suministro nivel mundial . “ no recordar haber tener percepción tanto positivo México ahora ” , destacar Nathan Sheets , economista jefe Citi .",frecuencia,unigrama,contenido,0.0
,frecuencia,unigrama,contenido,0.0
"experimentar aumento tres mes seguido , inflación febrero ser 0.09 ciento , menor avance más tres año , reportar Instituto Nacional Estadística Geografía ( Inegi ) . tasa anual ser 4.4 ciento ; ambos medición resultar debajo previsto analista .",frecuencia,unigrama,contenido,0
"Juriquilla , Qro . , paracetamol llegar costar 30 vez más hospital privado farmacia esquina , paciente seguro gasto médico prescribir tres cuatro fármaco , sólo antibiótico ser indispensable , situación .",frecuencia,unigrama,contenido,0.0
"apenas nacer hijo poder volver gimnasio , Yazmín Jáuregui colgar hombro pañalera biberón regresar trabajo . haber sortear transporte público condición climático Tijuana bebé brazo . más difícil momento ser supervivencia diario sustento económico estable . joven ser promesa local art marcial mixto hoy ser parte elenco empresa internacional UFC , espectáculo deportivo mayor crecimiento mundo .",frecuencia,unigrama,contenido,0.0
"maternidad poder frenar impulsar carrera deportis-ta profesional . caso multimedallista paralímpico Amalia Pérez ocurrir segundo , pese embarazar ser mucho criticar atleta alto rendimiento tener hijo .",frecuencia,unigrama,contenido,0.0
"silbante Katia Itzel García convertir segundo mujer dirigir partido Liga Mx varonil después Comisión Árbitros designó encuentro sábado Pachuca Querétaro , correspondiente jornada 11 torneo Clausura 2024 .",frecuencia,unigrama,contenido,0.0
"Yedá . empleada equipo Red Bull denuncia provocar investigación conducta inapropiado jefe escudería , Christian Horner , ser suspender , informar ayer persona conocimiento medida .",frecuencia,unigrama,contenido,0.0
"reciente Juego Estrellas NBA haber dos persona lanzar tiro línea encestar casi cantidad punto , sólo tres unidad hacer diferencia . escena parecer sencillo , realidad ser histórico romper “ estig-ma fragilidad femenino ” , competidor ser estre-lla basquetbol Stephen Curry Sabrina Ionescu .",frecuencia,unigrama,contenido,0.0
"caso Jennifer Hermoso Dani Alves ser ejemplo más significativo avance obstáculo aún existir sociedad enfrentar abuso violencia vivir mujer . español Coral Herrera , escritora especializado tema géne-ro doctora humanidades , señalar contraste ambos incidente indicar reflejar impunidad valentía .",frecuencia,unigrama,contenido,0.0
"ocho mujer pueblo otomí estado México , maya Yucatán , mam Chiapas , así mixteca mazateca Oaxaca , crear Red Mujeres Indígenas Ciencia ( Redmic ) propósito desarrollar proyecto transdisciplinario generar conocimiento , tecnología innovación pro desarrollo comunidad .",frecuencia,unigrama,contenido,0.0
"puerta vidrio refrigerador descompuesto , 10 botella PET , dos pieza madera , manguera luz Sol , Xóchitl Guadalupe Cruz López , niña San Cristóbal Casas , Chiapas , construir calentador solar capacidad 50 litro agua .",frecuencia,unigrama,contenido,0.0
"“ proponer ver matemática punto vista ” , pintura , obra arte basado ciencia . “ Acérquense ver ser hermosa entretenido ” , afirmar Regina Bittencourt , artista visual originario Viña Mar , Chile .",frecuencia,unigrama,contenido,0.0
,frecuencia,unigrama,contenido,0.0
"Visibilizar reconocer papel mujer música “ ser acto justicia no sólo , también público , estudiante dedicar profesión ” , sostener compositor pedagogo José Julio Díaz Infante .",frecuencia,unigrama,contenido,0
"actualidad , poeta utilizar verso prosa fomentar sociedad más equitativo , explorar tema profundo personal , además “ tomar control voz hacer él oír ” , explicar Carmen Nozal , Aurelia Cortés Peyron , Eva Castañeda Melisa Arzate , , contexto Día Internacional Mujer , conmemorar hoy , hablar Jornada acerca impacto figura femenino preceder , así habilidad reinterpretar expandir legado nuevo dirección creativo .",frecuencia,unigrama,contenido,0.0
"nexo escritora generación cambio pendiente necesario ambiente literario ser asunto autora Mónica Rojas , Nadia López García Jazmina Barrera mencionar Jornada contexto Día Internacional Mujer .",frecuencia,unigrama,contenido,0.0
"¿ música tener género ? ¿ existir estética masculino femenina ? compositora musicólogo Leticia Armijo , ser mucho aventurado contestar forma tajante pregunta , margen ser respuesta .",frecuencia,unigrama,contenido,0.0
"compositora musicólogo Leticia Armijo , “ lucha mujer no poder parar , no haber forma detener él , querer callar , corrar trabajo ; hacer hacer , ser imposible detener murmullo sirena roto margen error ” .",frecuencia,unigrama,contenido,0.0
Legisladores apruer último hora paquete financiación mantener abierto agencia gubernamental .,frecuencia,unigrama,contenido,0.0
"trabajadora México carecer , mayoría , acceso institución salud ganar salario mínimo , jornada laboral 35 48 hora .",frecuencia,unigrama,contenido,0.06917144638660747
"primero vez , líder tema económico empresarial estar unir solo causa : generar agenda , señalar Asociación Mexicana Mujeres Jefas Empresa ( AMMJE ) .",frecuencia,unigrama,contenido,0.0
"investigación independiente revelar despido Altman , noviembre pasado , no ser justificado ser producto pérdida confianza miembro junta .",frecuencia,unigrama,contenido,0.0
Cámara Representantes EU buscar ByteDance vendar empresa país bien enfrentar prohibición plataforma .,frecuencia,unigrama,contenido,0.0
implicado supuestamente sustrajo información confidencial año beneficiar emprendimiento empresa país asiático .,frecuencia,unigrama,contenido,0.0
